{"tensors": [[[-0.717532999728023, -0.41446618794966533, 0.47216792531975804, -0.3007018850074157], [0.38274205087996716, 0.42970049101506275, 0.6168075206548647, -0.5370423567775712], [-0.4889172222151537, 0.7302519840251666, 0.17957277585449574, 0.44209230690053547], [0.31561822921200167, -0.332125438494545, 0.6036220265486884, 0.6524709001627141]], [[0.19463682990438763, 0.5923195167925903, 0.7804797671459512, 0.04610235945332637], [-0.6659503952669591, -0.11400643270892954, 0.2925686943599051, -0.6766950298511913], [0.31868082072301057, -0.7919523256190047, 0.5189442696341259, 0.04416891965921249], [-0.6458088803909863, -0.09471872715691353, 0.1896094332311708, 0.733489956007354]], [[0.908550209966306, -0.08904775255923944, -0.2832480940910139, -0.2939005459813534], [-0.1178303766454784, 0.6231201370726998, -0.7535535011209402, 0.1731889663415548], [0.34554067907387453, 0.6739570788120696, 0.5745728408918542, 0.31024110871019406], [-0.20311119470608027, 0.38674752547075064, 0.14762685613276813, -0.8873435104150341]], [[0.7356894335178751, 0.0057814771322102845, -0.6724702543904891, -0.08069317748303578], [0.05808358522191569, 0.7224384364756488, -0.012905999572996122, 0.6888704071198077], [0.1682890297190992, -0.6833522719358713, 0.09373217707383982, 0.7042178312832503], [0.6535029892924131, 0.10525660295141848, 0.7340514090416359, -0.1517347007279383]], [[0.78023518264582, 0.4752777800851343, 0.12398743707501106, -0.3872611611904305], [-0.5152563946073379, 0.7426436690896674, 0.4276522343030786, 0.010236946462143716], [0.14525983149457225, -0.41565996848792314, 0.8951795947560751, 0.06913656834943659], [0.3234864586533099, 0.22319991737230122, -0.01985384283971433, 0.9193172101497038]], [[0.6602400494910522, -0.5021683522358229, 0.31538524429698006, -0.46091449395798534], [-0.053138513011176364, 0.5182723326478946, -0.254315781878484, -0.8147966437916926], [0.07166420498592771, -0.4513336988476978, -0.8893601169257672, -0.014167442605364797], [0.7457369624785598, 0.5248986830893407, -0.21188254573950932, 0.35137379255612067]]], "qubits": [[0, 1], [2, 3], [1, 2], [3, 0], [1, 3], [3, 1]], "tags": ["UNI", "UNI", "ISO", "ISO", "UNI", "ISO"]}