{"tensors": [[[0.25463618391915877, 0.49736393359604136, 0.5240011711672311, -0.6428159176718731], [0.2650261322324709, 0.7452055032321766, -0.5731247914448934, 0.2143778920915695], [-0.9272017023614892, 0.3688746222680709, 0.02912187381640364, -0.05814148819876182], [0.07223964431627956, 0.24744572850817403, 0.6293668743364558, 0.7331093934196158]], [[0.03821127311656324, -0.5047316638575556, 0.853873688624506, 0.12118403352411755], [-0.4200378958846649, 0.6182978141288009, 0.4532060575529726, -0.4856750441000875], [-0.6785720607077288, 0.11324780550687077, -0.005689257324995182, 0.7257289613387587], [0.6013717843850515, 0.5917167355170952, 0.2558742379044071, 0.47196573628958555]], [[0.6338642129915022, 0.1024803620025143, 0.2436580412438019, -0.726873230921137], [0.04795109502509583, 0.6740900473752397, 0.6467153003882898, 0.35364193863175325], [0.20335720882866148, -0.7283145916628874, 0.5943046251209408, 0.2738717103831555], [0.7446896652915054, 0.06825129306029257, -0.41132966309369856, 0.5211400691396196]], [[0.5469371230334743, 0.367974143472845, -0.04435559485014854, -0.7506579743057303], [0.36373300583555557, 0.7044778701236273, 0.022895057723137716, 0.6090033229004285], [0.43034275429945495, -0.3569840544725337, -0.8078749490386044, 0.18629429779298598], [-0.6191633045777646, 0.49078339936661936, -0.5872362933719407, -0.17584650385285447]], [[0.5013305364173684, -0.786250854689228, 0.17948883857548392, 0.3134661761382819], [0.7820195114493097, 0.3281398441754899, 0.14381698040185867, -0.5099866689680811], [-0.21382771088064662, 0.08669474719310215, 0.9730141309062607, 0.002287340245987521], [0.30230925726414565, 0.5163505175499175, 0.018545458518177436, 0.8010289145634412]], [[0.744890515430254, -0.12280354316815065, 0.3291734289412458, 0.5671880318610941], [-0.03784685712567721, -0.15177542708231534, 0.8614684366750673, -0.4831189995770244], [-0.08056506491337952, -0.9807039348370709, -0.17809837187340402, -0.00316740376841858], [0.6612223572621106, 0.010163745097918384, -0.3432170686718842, -0.6669960541971754]]], "qubits": [[0, 1], [2, 3], [1, 2], [3, 0], [1, 3], [3, 1]], "tags": ["UNI", "UNI", "ISO", "ISO", "UNI", "ISO"]}